{"cameraMode":{"drawMode":0,"name":"Shaded","section":"Shading Mode"},"sceneLighting":true,"audioPlay":false,"sceneViewState":{"m_AlwaysRefresh":false,"showFog":true,"showSkybox":true,"showFlares":true,"showImageEffects":true,"showParticleSystems":true,"showVisualEffectGraphs":true,"m_FxEnabled":true},"in2DMode":false,"pivot":{"x":0.000011444091796875,"y":-0.9214973449707031,"z":-0.0000152587890625},"rotation":{"x":-0.2780832052230835,"y":-0.05701719969511032,"z":0.016538457944989206,"w":-0.9587210416793823},"size":97.42021942138672,"orthographic":false}